"1",0.44345499,-0.80946234,4.2298538,10.110704,-0.28808561,-0.95760466,-0.17717334,0.98417966,-8.0768516
"2",0.77500253,-0.096026925,3.0698575,-5.7688734,0.98146226,0.19165551,-0.27744707,-0.96074093,-7.8399725
"3",2.8565184,4.2192365,-6.4921024,5.1826471,-0.22053397,-0.97537929,-0.7779103,0.62837534,-13.452141
"4",0.73175453,0.4102555,-1.517681,-8.0985151,0.98534448,0.17057624,-0.93000704,0.36754171,-15.388614
"5",0.4981091,-0.11344501,0.98083321,4.2428925,-0.53270761,-0.84629936,0.7093129,-0.70489376,18.140306
"6",-0.64735711,1.6117311,0.4000798,-19.215883,-0.36156787,-0.93234579,-0.68828963,-0.725436,19.96084
"7",1.4258468,-1.1109755,2.5140841,-13.320581,-0.052753674,-0.99860756,0.66817969,-0.74399993,15.274283
"8",0.077063779,1.1131161,-6.699741,-0.19963888,0.56472214,-0.8252811,0.95077627,0.30987816,10.668851
"9",1.9417292,-0.49670032,-1.7567444,6.8150057,-0.93616894,0.35155045,-0.85374092,0.52069804,-4.081124
"10",-0.29236504,2.3576528,-3.3438411,-8.5789502,0.49637945,-0.86810566,-0.37174254,-0.92833587,19.64131
"11",1.2912016,-1.4504002,-1.0117184,19.049186,0.90693872,-0.42126258,0.50510329,-0.8630589,-17.771853
"12",0.0036088812,0.011699211,0.008942824,-0.00090776229,-0.016465164,-0.99986444,-0.0079711901,-0.99996823,-13.219227
"13",-1.3062044,-0.48024224,-4.6449786,4.1622296,0.19893431,-0.98001283,-0.16676975,-0.98599587,12.858306
"14",-0.63109157,-0.71478697,-1.7662704,0.66104985,-0.15478211,-0.98794863,-0.8722446,-0.4890699,3.7947234
"15",2.1139482,-0.77464816,-2.4173405,11.584334,0.71481961,-0.69930889,-0.97415864,-0.22586487,-2.6163912
"16",-2.0222643,-4.678696,8.1099282,-3.9425827,-0.12349732,-0.99234491,0.29507585,-0.95547383,6.809974
"17",-0.61151995,-1.9999049,3.07042,-4.0698326,0.025840959,-0.99966607,-0.46174748,-0.88701142,6.9181806
"18",-0.095170308,-0.4894309,-2.3260862,10.700188,-0.64144378,-0.76717004,-0.1165422,-0.99318574,-2.9229636
"19",-0.43497706,-4.4078132,11.382912,13.17688,0.86195162,-0.50699054,-0.5772849,-0.8165428,-1.3162289
"20",0.47733961,1.5732766,-2.0906604,-6.4048129,0.9167469,-0.39946854,-0.75261545,0.65846031,-3.7152256
"21",-0.49857938,4.3711212,-6.2084121,-16.204519,-0.26757474,-0.96353711,0.18843216,-0.98208621,5.8163605
"22",0.10209204,-0.4880679,-2.7410917,0.73670121,-0.83536539,-0.54969506,-0.96503801,0.26210999,-4.331598
"23",-1.3370371,-0.8433727,-2.1751262,0.35507319,0.55429914,-0.83231752,-0.34089136,-0.9401027,-9.2503724
"24",-0.24025646,1.0716178,-2.5238877,-3.7801688,0.38224792,-0.92405981,-0.58311262,-0.81239133,15.645717
"25",1.4260548,-0.38212292,0.44570071,2.2621177,0.96151026,-0.27476905,0.97553994,0.21982224,5.5361274
"26",0.49203764,1.2075232,2.2318036,-6.8732818,0.4229146,-0.90616954,0.25431356,-0.96712182,-11.398178
"27",0.35222097,-1.5209161,10.798019,7.1458697,0.42269452,-0.90627222,0.087957451,0.99612423,10.993022
"28",0.30754585,1.8968638,-3.3045837,-6.6180119,0.7766699,-0.62990783,-0.20398458,0.9789741,-2.8184752
"29",-0.53050954,-1.0732024,-7.9467309,-16.128971,-0.86634229,-0.49945073,0.64877587,0.76097955,-4.2082855
"30",1.4465698,0.51139883,-7.2735431,9.316584,-0.9682249,-0.25008107,-0.99968013,0.02529114,-12.421759
"31",0.85701199,0.20152238,-1.680793,-12.059062,0.78054293,0.62510218,-0.46803045,-0.88371234,-15.375124
"32",-0.17417442,1.8045088,-4.4782976,-9.1369695,0.60883777,-0.79329476,0.35146707,0.93620024,19.989318
"33",2.0748307,-0.67581513,0.55025261,13.792338,0.74357163,-0.66865629,-0.92038207,0.39102026,3.1280624
"34",0.55371364,1.4938308,-1.3013608,-6.3426843,0.94761032,-0.31942867,-0.92145264,0.38849071,-4.6919992
"35",0.41072407,2.015573,-0.27031113,-5.4838836,0.46564475,-0.88497173,-0.050715292,-0.99871315,-7.2357588
"36",-0.35450479,-1.3549023,0.4153071,2.9526752,-0.47324655,-0.88093002,-0.15451548,-0.98799037,7.9236676
"37",2.3180376,1.205056,-1.5150254,10.569197,-0.95997899,-0.28007203,-0.14801817,-0.98898464,-1.4045051
"38",1.918717,6.2582199,-7.9770147,-9.2701818,-0.70059989,-0.71355434,-0.97312414,0.23028113,2.4637118
"39",1.4158387,0.057600407,2.5734647,7.2370006,-0.92447469,0.38124341,0.2770872,-0.96084478,8.6191068
"40",0.35395945,-0.21898557,-1.3370641,-2.3699235,0.97925314,-0.20264079,-0.88841797,-0.4590354,-8.9628194
"41",2.1766158,1.0533202,6.6732409,-9.3242526,0.64685129,-0.76261616,0.99258175,-0.12157904,-11.426396
"42",3.4263217,2.0633688,-3.3286642,-1.6197792,0.68014337,-0.73307912,-0.74075366,0.67177676,-17.006988
"43",1.2080304,0.33126317,4.1211669,14.177625,0.82091403,-0.5710518,0.007925597,0.99996859,12.512397
"44",0.60892936,-0.32661948,1.5278788,-7.7716368,0.42168013,0.90674465,0.82548691,-0.56442126,-0.89864191
"45",-0.11476059,-1.9113532,3.5160578,-0.23263118,-0.23354238,-0.97234662,0.048784585,-0.99880932,-5.0034526
"46",0.71591364,-0.26301774,7.0747254,-16.151808,0.75662011,-0.65385473,0.94089225,0.33870603,-5.8568506
"47",0.47272178,-0.48570296,-0.098917275,13.478813,0.27726365,-0.96079387,0.25192119,-0.96774775,-12.192987
"48",1.9861612,0.54976415,-2.9621483,7.5853305,-0.93263543,-0.36082011,0.86578932,0.50040869,-7.0334359
"49",-0.58815089,0.4436493,4.6403842,-11.536414,-0.96608737,0.25821539,-0.80735671,-0.59006368,2.0888831
"50",0.69578654,1.3400305,1.1828685,-5.2056439,0.95190388,-0.3063968,-0.98267634,-0.18533,1.3745816
"51",-1.3969216,-1.5405961,-0.5120796,0.05408448,0.60825444,-0.79374211,-0.34886209,-0.93717407,8.9910549
"52",-0.034434724,0.87586011,-2.4541617,1.3686445,0.020123113,-0.99979751,-0.11962546,-0.99281909,-3.2611842
"53",-1.0588496,0.37177585,4.3506971,-10.300483,-0.98379096,-0.17931911,0.66535107,-0.74653061,11.142405
"54",1.4194938,-1.1691674,5.6192351,-1.6132945,0.56599831,-0.8244064,-0.74878269,-0.66281558,14.420273
"55",0.86613469,-0.23569553,-3.0803104,-11.702456,0.94133153,0.33748327,-0.97554499,0.21979982,-13.777277
"56",1.4918744,0.84009279,-5.6603578,-3.3652876,0.46840979,-0.88351133,0.91245731,0.40917191,-3.7258458
"57",2.5124346,3.1485762,-6.8243108,12.479246,-0.71007308,-0.70412798,-0.99041897,-0.13809509,-8.5837622
"58",-0.91715002,1.0131783,5.2025203,-13.287794,-0.86731854,0.49775351,-0.83130252,0.55582023,-7.6030039
"59",1.7751291,0.63490307,8.0053731,-0.88088687,-0.82372563,-0.56698861,-0.95218133,-0.30553351,-10.340439
"60",0.85479052,-0.14194,-3.8504952,-13.716647,0.8649477,0.501862,-0.91192174,-0.41036416,-12.711188
"61",-0.037370841,1.3746237,-0.32007824,-8.2386004,0.39764724,-0.91753837,0.99225317,-0.12423219,17.499756
"62",-0.046244057,-3.1178721,7.0259262,-5.0414843,-0.20636478,-0.97847513,0.28600195,0.95822904,-9.8306053
"63",0.59506498,-0.24696463,3.1239413,-7.3240825,0.52513455,0.85101921,0.97416934,-0.22581872,2.3059798
"64",1.119017,0.83684033,-1.6348453,8.6640635,0.90771241,0.41959288,0.36066028,-0.93269725,-12.927816
"65",-3.0895749,-2.9068887,5.0075374,-4.3802084,-0.083087889,-0.99654222,0.15157632,-0.98844556,3.1747052
"66",-0.3342864,2.6319781,0.89820746,-16.92408,0.67657836,-0.73637064,0.35098494,-0.9363811,-0.63304524
"67",1.0113212,-1.9510853,6.7882103,-12.154568,0.5041227,-0.86363204,-0.44448378,-0.8957869,-0.54295592
"68",0.62366639,2.1973635,-0.032614876,-0.63983137,0.9887558,-0.14953919,0.080245403,0.99677514,-4.072501
"69",-0.40895446,0.45277852,-4.0448068,4.4768856,-0.31641953,-0.94861935,-0.51008057,-0.86012662,5.9317487
"70",-0.073844135,-0.060959391,-0.16569679,0.44123184,-0.14711171,-0.98911988,0.03431686,-0.999411,8.0316299
"71",-0.5131279,-0.82677947,-2.1802373,4.6712844,-0.43428162,-0.90077715,-0.6024397,-0.7981644,-3.2249001
"72",0.49483368,0.16877212,2.2210281,-0.18819443,-0.29432996,-0.95570386,0.89287256,-0.45030944,-0.19812993
"73",-0.55859538,0.65355256,1.6926017,-10.588749,-0.91365339,0.40649414,-0.38777716,-0.92175315,7.1427889
"74",1.4250188,0.31301624,0.97656234,5.6759209,-0.88787746,0.46008001,-0.041925947,-0.99912072,3.4145067
"75",3.7492229,0.35263982,3.5109002,-5.6389575,0.12874637,-0.99167755,-0.998939,0.046052892,17.415497
"76",0.58618109,-0.17266008,5.0724203,-8.7990394,0.68674759,0.72689596,0.98607306,0.16631272,6.5817016
"77",-0.97390568,0.53153676,2.5928976,-9.3964892,-0.98943914,0.14494892,0.12935882,0.99159785,-5.6427718
"78",-3.7509988,-2.7049651,3.4926432,-0.96495672,0.53297834,-0.84612888,-0.23681506,-0.97155475,1.679909
"79",0.41398743,1.1410455,0.19288724,8.9884464,0.21237774,-0.97718765,0.98706106,-0.16034481,-4.4498787
"80",-0.42941008,-0.97045692,-1.5425001,3.80268,-0.3372809,-0.94140405,-0.32871875,-0.94442786,14.549633
"81",3.9761398,2.4855727,0.29229048,-10.478319,-0.64695122,-0.76253139,0.46568727,-0.88494936,-8.2865098
"82",3.7291054,0.45726958,2.9545449,-3.9666864,0.28542202,-0.95840194,-0.9598788,0.2804152,0.19381302
"83",0.41749163,-1.1269977,7.9544534,0.89455405,0.78453261,-0.62008756,-0.10320419,0.99466019,13.048083
"84",-3.891549,-2.9408743,5.0302313,-3.2567794,0.3444976,-0.9387872,-0.1371101,-0.99055581,-5.7691705
"85",0.99064819,1.3213649,9.0669795,-14.392145,0.47542262,-0.87975754,0.048372707,-0.99882936,18.304509
"86",0.16908984,-0.36890113,-1.0020313,2.7157241,-0.95789615,-0.2871149,-0.99954177,-0.03026977,-5.7181646
"87",2.1626139,0.38463155,7.6749692,5.8991441,-0.46788819,-0.88378767,0.97800529,0.2085801,-10.1474
"88",-0.13965187,-0.71382325,-0.0097673665,4.4784148,-0.21172658,-0.97732894,-0.96508346,0.26194258,2.1948334
"89",-0.30595589,-1.7818148,1.643131,2.4797437,-0.4861829,-0.87385708,-0.067502336,-0.99771912,1.0759315
"90",0.6661637,1.7997115,-1.6786659,-3.5200254,0.99640843,0.084677316,0.050498102,0.99872416,-19.210128
"91",-0.24765175,0.57467565,-0.99528416,-10.24292,0.42731524,-0.9041027,0.86670351,0.49882365,19.50389
"92",-0.15916424,-1.8055629,3.4994611,-1.1275749,-0.24303505,-0.97001751,0.080923096,-0.99672035,-4.62797
"93",1.899856,0.20867072,-2.5366159,6.6419255,-0.99972728,0.023353105,-0.057204863,0.99836246,7.9708971
"94",0.59581806,1.6952588,-3.7652818,5.4783828,-0.39403082,-0.91909723,0.35012021,-0.93670478,0.26742506
"95",-2.93669,-3.103692,5.3003849,-4.3189461,0.18765286,-0.98223541,-0.085499858,-0.99633818,3.5748899
"96",1.1192506,3.0092476,-4.3802649,-0.52008242,0.66722004,-0.74486067,-0.62150243,-0.78341223,-4.6065583
"97",1.4427675,1.0867834,-5.8550151,-6.8923756,0.19322214,-0.98115504,0.98593376,0.16713655,0.065718705
"98",-0.21828583,1.5421262,-1.2950848,-11.70885,0.52455425,-0.85137703,0.94275885,0.33347526,19.477109
"99",-0.033329588,2.1461919,1.6105746,-14.627939,0.56535568,-0.82484723,0.76870857,-0.6395992,-16.049059
"100",-0.24993584,5.2507793,-12.603919,-5.4301663,0.21888193,-0.97575135,0.67849856,-0.73460173,19.862354
"101",-0.44551245,-0.44557753,-2.5183097,4.6170264,-0.43913596,-0.89842062,-0.4831191,-0.87555465,6.187721
"102",-0.59277129,-0.8254385,-1.7464695,2.0079795,-0.24112892,-0.97049309,-0.83752503,-0.54639896,0.47090239
"103",-1.2522293,-0.67461984,-3.7515966,2.9777959,-0.268036,-0.9634089,0.28030856,-0.95990995,-1.8561983
"104",1.441459,0.34914312,-0.39281845,4.7472775,-0.88159069,0.47201467,-0.29722952,-0.95480606,-2.492332
"105",-0.099264729,0.4248673,-5.415811,12.685337,-0.47105198,-0.88210545,-0.66347699,-0.74819669,-13.876297
"106",-0.46424616,-1.128444,-1.1780382,4.4563152,-0.51049,-0.85988369,-0.40179623,-0.9157291,-0.66319332
"107",1.9204947,0.6059492,-2.5603444,7.2843791,-0.99452943,-0.10445677,0.28578418,0.95829401,3.5389283
"108",3.6628961,0.49325685,2.6270561,-1.4440548,0.50418405,-0.86359623,-0.84130604,0.5405591,8.6771248
"109",-0.46039761,0.085734877,-2.5438369,-0.35991028,0.021842019,-0.99976143,-0.81613441,-0.57786212,8.1841108
"110",1.0111665,2.9340141,-7.8388007,0.58436047,-0.73787263,0.67493999,-0.67299542,0.73964665,3.0956583
"111",-0.36933697,1.083013,-4.7212496,2.7866551,-0.097283071,-0.99525675,-0.66354975,-0.74813216,-2.832121
"112",-0.36661544,1.2600137,-2.4873357,-5.7223852,0.36198582,-0.9321836,-0.53188955,-0.84681374,19.999374
"113",-2.6028038,-0.32424444,-2.7663351,1.2087212,-0.56279562,-0.82659609,0.23339448,-0.97238214,13.705204
"114",0.49303022,3.9125163,0.68329238,-15.445294,0.98898069,-0.14804454,0.14867011,-0.98888685,-5.3736607
"115",0.82362427,0.9190044,-9.1414316,-3.4921376,0.038258331,0.99926788,-0.64166599,0.76698419,10.329045
"116",0.4989584,-0.6068437,5.310502,-4.8324044,0.99920911,-0.039763764,0.1405325,0.99007607,3.2913668
"117",-0.54069735,2.1846535,-3.8480411,-8.7662323,0.43761722,-0.89916137,-0.45237767,-0.89182646,19.692723
"118",0.22720962,3.107214,-3.0919086,-0.021733382,0.92895946,-0.37018148,0.093461943,0.99562285,-3.5667139
"119",-0.18490066,0.23796035,-2.2145678,1.0186686,-0.085008119,-0.99638026,-0.76794445,0.64051645,7.0795357
"120",0.38504707,0.040790771,3.2545871,6.3800676,0.30095911,-0.95363705,0.97509577,0.22178422,15.397382
"121",-0.32716576,-1.7545275,1.2426046,2.9160208,-0.48551264,-0.87422965,-0.12360878,-0.99233103,4.1215477
"122",0.1247407,0.85650407,-0.82657477,-0.88677986,0.17119952,-0.98523638,0.059289583,-0.99824083,-15.019675
"123",0.073997898,-1.1530697,-2.7799254,3.5963507,0.99523527,0.097502651,0.89083676,-0.45432353,9.7503525
"124",-0.23517146,3.7855293,-14.861011,11.768643,0.51141266,-0.85933526,-0.15667767,-0.98764979,-6.2934109
"125",1.5231527,-0.11477334,-3.4233212,-0.051422292,0.80624121,-0.59158694,0.84667504,0.5321103,-0.2419514
"126",0.73436431,0.93261926,-1.3078642,-5.6399639,0.98771325,0.1562771,-0.17702326,0.98420667,-19.04073
"127",0.0093457877,-0.0047807607,0.023273882,0.0076671226,0.014202564,-0.99989914,-0.0036395337,-0.99999338,-9.8300948
"128",1.1092071,0.33254871,-5.9988466,-15.853267,0.54756024,-0.83676627,-0.76606413,0.64276414,-13.220871
"129",-0.66306108,-0.96087081,-1.8376999,2.2352678,-0.30188868,-0.95334318,-0.88173941,-0.47173681,3.0801581
"130",0.87076487,0.099841762,-1.7088658,-9.0139548,0.97445775,0.2245709,-0.74001023,0.67259561,-14.644894
"131",1.0579244,1.6291732,-2.9615892,7.0970992,0.95070352,0.31010129,0.68822721,-0.72549521,-16.943457
"132",-3.5254924,-0.18674945,-3.3119734,1.8382473,-0.32585613,-0.94541937,0.31291231,-0.94978202,-8.4983873
"133",0.080821222,3.1370131,-4.3902902,-2.8914925,0.9099537,-0.41470985,-0.24493067,0.9695406,9.6181078
"134",-0.40245746,-1.2544444,-0.41492343,3.8132641,-0.50356899,-0.86395502,-0.28839406,-0.95751181,8.2173319
"135",0.82334475,1.8355422,1.8628919,-0.88089115,0.97094746,-0.23929276,-0.0072423839,0.99997377,2.0004582
"136",-0.44880655,0.30274727,-3.9285483,4.2155803,-0.28529679,-0.95843922,-0.66926042,-0.74302792,-2.0203135
"137",0.22952938,0.21500413,-5.3978577,8.8345679,-0.64355665,-0.76539849,0.36489409,-0.93104903,-9.745767
"138",2.196501,-0.21699161,7.6679992,-5.5469923,0.34224772,-0.93960976,0.96762531,0.25239108,-3.4337046
"139",-0.14359154,-1.7638937,2.9011561,0.39482057,-0.28009368,-0.95997267,0.045528335,-0.99896305,-6.1136307
"140",0.22043115,-1.7810116,7.2035184,11.401408,0.75179221,0.65940008,-0.99957849,-0.02903179,2.7611151
"141",-0.59301057,-1.4490115,-5.5249664,-15.477212,-0.64570799,-0.76358443,-0.085797395,0.99631261,7.9225313
"142",1.0828304,-1.0199042,2.5053822,-10.27395,0.68222191,-0.73114517,-0.84075156,-0.5414211,-7.7781235
"143",0.4397089,-0.96461875,9.1485312,-4.3707187,-0.99469469,0.10287113,0.02760538,-0.9996189,-11.92987
"144",-0.40413322,-0.61826784,-1.5990137,3.8107592,-0.44751562,-0.89427612,-0.31824056,-0.94800999,11.172738
"145",-0.44230204,0.62015622,-3.0577965,-2.252733,0.16312055,-0.98660615,-0.77797192,-0.62829904,14.527023
"146",-0.32160235,0.80535236,-3.4766233,0.22755437,0.10699377,-0.99425969,-0.71551604,-0.69859631,0.12580568
"147",-0.54259867,2.4343039,-4.4417506,-9.30645,0.47256911,-0.88129361,-0.47529931,-0.87982417,19.882244
"148",-0.50338081,-2.4060229,6.5592713,-11.483389,-0.91874667,-0.39484751,-0.78068349,0.62492662,9.0303681
"149",0.055065082,-0.43472439,-3.5425924,-2.2180323,-0.62181695,-0.78316261,-0.97944179,0.201727,-1.9393982
"150",-0.09475397,1.665376,-6.0517864,-4.4537383,0.30884642,-0.95111192,-0.84295661,0.53798155,19.535428
"151",0.027141129,0.3143452,-0.4517287,-0.13202298,0.045380906,-0.99896976,0.0015093076,-0.99999886,15.190219
"152",0.32796071,0.72286477,-4.1755084,-3.4475082,0.88539193,-0.46484528,-0.98691956,-0.16121344,-4.837762
"153",0.13657572,-0.38515821,2.0212131,-1.9452779,0.14158463,-0.98992616,0.13018292,-0.99148999,4.3165285
"154",1.108643,2.135539,4.7453711,4.0751236,0.73654863,-0.67638459,0.13701465,0.99056902,13.672513
"155",0.013890153,0.55079183,-1.154887,0.35036234,0.029446176,-0.99956637,-0.0093912835,-0.9999559,-8.8149801
"156",-0.06269803,2.5962475,-5.1132279,-6.0741168,0.78490112,-0.61962104,-0.023852567,0.99971549,18.831183
"157",-3.5519307,0.1272352,-5.3415497,4.918752,0.07572015,-0.99712911,-0.056675116,-0.99839267,12.994396
"158",-0.60742266,-1.0312927,-1.8415746,3.6400487,-0.38806315,-0.92163279,-0.78086203,-0.62470352,-1.1089051
"159",-4.0598699,-3.7483906,7.5750806,-5.5347039,0.029334027,-0.99956966,0.093951072,-0.99557682,-2.4485504
"160",0.05826588,2.4289445,-2.9327599,-5.1207694,0.47560133,-0.87966094,0.97828916,0.20724461,19.997683
"161",3.5520775,0.98016129,-0.15523443,-0.54822551,0.77222148,-0.63535343,-0.79927454,0.60096607,-4.4575662
"162",1.9624375,0.24301129,1.3663442,4.9599464,-0.92014116,0.39158682,-0.99729261,-0.07353537,-13.508595
"163",-1.0325877,0.53328174,1.2377768,-12.720956,-0.99914116,-0.041435906,0.9631512,-0.26896052,16.600883
"164",0.12615232,-0.473469,-2.2408805,1.714716,-0.8973245,-0.44137143,-0.9795777,0.20106599,-4.6903993
"165",0.60409569,4.1910668,-5.8629242,5.8868386,0.94041234,-0.34003622,0.99116026,0.13267001,1.7688374
"166",1.2440707,1.1011831,0.29621955,15.162807,0.74921192,-0.66233035,0.6698747,0.74247416,7.3869188
"167",1.3981789,3.1785078,-2.7399027,-4.1936072,0.87196957,-0.48956007,-0.45826376,-0.88881625,16.937994
"168",3.6961733,0.86190925,1.9658417,-3.0935808,0.40105563,-0.9160537,-0.89692113,0.44219056,-3.5627897
"169",-0.58606121,2.262339,-5.6782698,-7.4126756,0.42102225,-0.90705031,-0.73170427,-0.68162223,12.117526
"170",1.5232107,3.1746473,2.0946652,10.570842,0.2145597,-0.97671088,0.96878466,0.24790376,-10.549316
"171",-0.21214786,-1.9740012,2.8361713,1.1973246,-0.38553133,-0.92269475,0.025430199,-0.9996766,-1.2201185
"172",0.14362865,2.9130336,-7.021043,-12.428462,0.86488203,-0.50197518,-0.95119913,-0.30857773,19.143384
"173",1.3988961,-0.14994385,1.6141729,3.2208175,0.92710869,-0.37479259,0.9987873,-0.049233485,10.517078
"174",0.13020776,-1.0481534,-4.1698558,4.6136678,0.99711377,-0.07592193,0.96476178,-0.26312489,3.2886268
"175",-2.5855833,-0.80213289,-0.74649409,-1.2319876,0.54891098,-0.83588082,-0.34691867,-0.93789522,-19.858969
"176",-1.3164205,0.051473536,-4.3660135,1.4117085,0.41424468,-0.91016556,-0.30451354,-0.95250801,-10.448578
"177",0.0013593242,0.54696626,-1.4315111,0.44648605,0.11806453,-0.99300592,-0.16551126,-0.9862079,-10.722541
"178",-0.38718795,-1.4672577,0.25315738,3.4854605,-0.52710455,-0.84980044,-0.21559747,-0.97648232,0.41376074
"179",0.10578121,1.7720874,-4.3280115,2.610422,0.13692624,-0.99058125,-0.37196809,-0.92824552,0.59479869
"180",0.66510042,2.6202963,6.71373,-19.095816,0.94650604,-0.3226861,0.8368658,-0.5474081,-16.491294
"181",-0.29268993,1.6052724,2.4007194,-16.643332,0.56758825,-0.82331257,0.78783582,-0.61588531,-14.939838
"182",1.225483,2.5694121,4.8517475,7.0121546,0.55070655,-0.83469893,0.40350189,0.91497881,11.184216
"183",1.5681003,-0.97273101,0.47333899,-11.811116,0.3451943,-0.93853125,-0.70349415,-0.71070105,-0.3667027
"184",0.70403088,1.8734639,-4.8663501,-10.664113,0.69190724,0.72198641,0.074492918,0.99722154,-5.9656367
"185",1.1496965,0.4350822,0.80444591,10.969965,0.89648754,0.44306895,-0.11593417,-0.9932569,-16.920034
"186",-0.01007888,-0.76530886,1.649556,-0.52768061,-0.028446626,-0.99959531,0.010277225,-0.99994719,-9.1388563
"187",-0.004756674,-0.0015379138,-0.011044706,-0.016573049,-0.0067300186,-0.99997735,0.01696996,-0.999856,-15.171821
"188",4.0539549,5.1751385,-8.2324964,-0.98322416,0.99923563,-0.039091676,0.98201605,-0.18879744,6.1462616
"189",-0.42668068,0.0036759715,-2.3343344,0.096023345,0.031904849,-0.99949091,-0.80753355,-0.58982165,1.6637075
"190",0.83112979,3.150432,-7.0774229,6.2881268,0.21040514,-0.97761428,-0.40182089,-0.91571828,-0.0017402042
"191",1.9001515,-0.22426375,-2.3745453,6.2092562,-0.98925466,0.14620265,-0.36907419,0.92939994,7.8155796
"192",-1.646339,-2.6530416,3.5238252,-2.4801496,0.49879313,-0.86672107,-0.13129878,-0.99134284,-10.591415
"193",-0.46643637,2.4871322,-3.3774661,-11.52815,0.6204689,-0.78423105,-0.33877826,-0.94086625,19.397952
"194",0.62685819,-0.15427629,-3.1514059,-13.567119,0.45620449,0.88987497,-0.045682746,-0.998956,-9.0387661
"195",1.1641875,0.22084797,4.5476064,14.786266,0.94612101,0.32381326,-0.68753067,-0.72615534,-18.758343
"196",2.0629458,0.21382684,0.020201413,13.633475,0.7223949,-0.69148074,-0.44972119,0.89316899,-0.30681139
"197",0.21906597,-3.9982695,8.9995215,4.3386418,-0.20157367,-0.97947336,0.91456486,-0.40443927,12.967791
"198",1.4944179,-1.7943778,5.8635045,2.8283649,0.77724072,-0.62920335,-0.72820017,-0.68536451,18.071886
"199",-0.69437373,0.95719438,-4.694554,-2.9934084,0.14297641,-0.9897261,-0.88909914,-0.45771468,19.898837
"200",0.13455025,1.1306572,-6.9540553,4.2305159,0.80802145,-0.58915306,0.97751498,0.21086597,-12.037874
"201",-0.65154065,2.5325427,-10.078865,-1.9980174,-0.81931378,-0.57334538,0.60385,-0.79709797,10.721973
"202",-1.0124731,0.27123486,0.40941955,-12.780321,-0.99983847,-0.017973202,0.92516237,0.3795716,14.652081
"203",0.52467623,1.1783569,-1.8113976,3.9026904,-0.51496134,-0.8572134,0.55351141,-0.83284159,4.1221079
"204",0.16851438,0.15176329,2.2810252,-9.1666593,0.3761231,-0.9265697,0.99043932,0.13794909,-13.322362
"205",1.4922935,-0.43766631,-1.7691397,1.2663832,0.93038893,-0.36657393,0.88200661,0.47123703,1.9373389
"206",-3.436036,-1.4096118,0.071670051,-0.062702728,-0.45620161,-0.88987644,0.38545857,-0.92272514,4.1916447
"207",-0.16996571,-0.49662843,-0.37024727,3.4365811,-0.20347827,-0.97907946,-0.89479434,0.44647855,3.5494468
"208",1.7872608,-0.44081779,7.1097949,9.0239745,-0.13860554,-0.99034767,-0.81094683,-0.58511985,-4.0586225
"209",0.53439075,2.380447,-1.4963667,-2.0383693,0.99997113,-0.0075985756,-0.4382563,0.89885005,-17.286768
"210",0.18475505,-0.25574864,-0.20446272,2.7369664,-0.96628903,-0.25745972,-0.98591616,-0.1672403,-6.6679519
"211",0.10461419,-0.052282429,0.73888053,-0.98734991,0.16924896,-0.98557333,0.011784279,-0.99993056,13.72672
"212",-0.25462762,-2.1792374,3.1610709,1.4311418,-0.4247821,-0.90529562,0.031505105,-0.99950359,1.1257637
"213",5.1696208,1.0090933,-8.8820882,-7.918901,-0.92207065,0.3870216,-0.99922073,0.039470724,-10.63967
"214",-0.10692566,-1.5218441,2.8762709,-0.37825956,-0.17908617,-0.98383339,0.041618481,-0.99913358,-6.7107908
"215",0.027979449,-1.6033476,3.4447373,0.3493533,-0.22416435,-0.97455136,0.31064036,-0.95052752,6.7671578
"216",-0.65867898,-1.1495993,-2.7698342,-14.432048,-0.47476019,-0.8801152,-0.73616655,0.67680043,19.210836
"217",0.039444392,0.445666,-3.2636948,-9.2394555,-0.11553056,-0.99330393,-0.8228768,-0.56821982,7.9030644
"218",0.80549859,-1.0831997,3.2511109,-5.2450619,0.89396735,0.44813211,0.63067955,-0.77604336,1.5385376
"219",-0.13190919,-2.1761408,-0.74007339,19.33653,0.99990277,0.013944637,0.83127052,-0.55586808,0.69465105
"220",1.1784509,3.7422061,-7.4295519,-0.53823175,-0.93544155,0.35348141,-0.66956948,0.74274943,2.3287659
"221",-0.41590224,2.7085785,-1.4242725,-13.463456,0.56044353,-0.82819264,0.082567116,-0.99658551,1.3451648
"222",0.082252903,-1.9512913,4.3974211,-7.349609,0.078739577,-0.99689522,0.56496569,0.8251144,-16.536232
"223",1.5194935,0.27542459,-4.4625333,-1.2605409,0.67491285,-0.73789745,0.8619798,0.50694262,-2.1243114
"224",0.070473251,3.179512,-4.1574742,-1.4551278,0.84735198,-0.53103167,0.12778932,0.99180134,3.4484883
"225",-0.61362912,-1.030323,-1.8982048,3.5998348,-0.38999489,-0.92081702,-0.80343511,-0.59539233,-1.318391
"226",5.040821,1.2884424,-5.5888748,-10.405973,-0.24433646,0.96969051,0.19966043,0.97986515,-17.351541
"227",0.2939537,0.25213236,0.36485896,-1.2882361,0.45732342,-0.88930045,-0.37734478,-0.92607285,17.724608
"228",-2.3865946,-2.5126741,2.3394869,0.64655213,-0.58276461,-0.81264101,0.36008186,-0.93292071,13.244586
"229",0.91467103,1.8057604,2.8451883,-0.12406429,0.93628812,-0.35123292,-0.033827133,0.9994277,6.5392652
"230",0.75794815,0.26875547,-0.65059404,-9.2023384,0.94818358,0.31772299,-0.85047504,-0.52601541,-10.810109
"231",-0.36303909,-3.1583364,6.0660439,-9.2726857,-0.7544703,-0.65633418,-0.37381981,0.92750135,5.4932998
"232",1.4534221,0.13886228,-1.8091199,4.7240442,-0.90631809,0.42259617,-0.51143941,-0.85931934,-6.223894
"233",-0.24937543,-2.3137175,3.2708283,1.6073027,-0.43657049,-0.89967006,0.029996382,-0.99955001,1.2193104
"234",-1.09135,-1.9616826,-0.097529775,0.66411901,-0.39790991,-0.91742449,0.44454774,-0.89575516,-1.3509426
"235",0.18488755,0.017846868,3.7180397,1.1481908,-0.82622535,-0.56333975,-0.84186066,-0.53969493,-4.8053702
"236",0.10123494,0.26937127,0.2785471,-14.43751,0.014745891,-0.99989127,0.3167047,-0.94852419,-18.783714
"237",-0.057334953,-0.75466679,-2.0583544,19.819249,0.99302272,-0.11792317,0.89415161,0.44776434,18.3528
"238",-0.44255346,-1.5216014,0.14509158,3.8605726,-0.58412066,-0.81166684,-0.25224142,-0.96766434,0.94604421
"239",1.4843189,0.85912907,-6.6208146,5.3653555,-0.82424798,-0.56622899,-0.92109547,0.38933678,-11.148971
"240",3.5022924,1.0137664,-0.98208136,-0.76534563,0.75385829,-0.65703704,-0.77911989,0.62687494,3.560156
"241",-0.27736284,-1.7330997,1.8523293,1.9611977,-0.42265719,-0.90628963,-0.031530919,-0.99950278,2.2466232
"242",-0.5871625,-0.75135348,7.4266672,-14.234515,-0.99873387,-0.050305605,-0.9997071,0.024201423,0.2465683
"243",0.86392758,-0.01238931,0.94520964,-8.6967767,0.7720427,0.63557067,0.029373323,-0.99956851,-16.408427
"244",0.76016964,0.10823627,-1.6775489,-7.941705,0.97415073,0.22589898,-0.49357772,0.86970169,-19.126454
"245",2.098494,-0.7898456,-4.7838658,13.98494,0.93721438,-0.3487538,0.98616872,0.16574454,-11.709844
"246",0.20587319,3.4281501,-4.5887245,-1.4412384,0.63529892,-0.77226632,0.9303835,0.3665877,19.211351
"247",-0.43675529,-1.4536718,0.16912223,3.6838398,-0.56913742,-0.82224242,-0.23223075,-0.97266072,-0.090023576
"248",1.5632333,0.70998964,-6.8723433,-3.4044381,-0.30503861,-0.95233999,-0.87446001,0.48509761,-5.2990376
"249",-0.28437442,0.6763276,-2.6468957,-1.6969611,0.25777272,-0.96620558,-0.68810816,-0.72560813,8.4550131
"250",1.4677824,0.99018062,2.784978,4.5575496,0.67543816,-0.73741663,0.61064535,-0.7919042,13.528582
"251",-0.44590128,0.31892561,-4.2014576,4.1555108,-0.19616173,-0.98057156,-0.51521177,-0.85706291,15.682791
"252",1.3963165,0.036523555,1.9976042,3.8939279,0.88956522,-0.45680819,0.97420682,-0.22565696,13.76178
"253",1.9542516,0.72886226,-2.5807345,7.7049167,-0.97303157,-0.230672,0.61608521,0.78767951,-2.7509362
"254",-0.033561198,-1.2982044,2.7236803,-0.78838028,-0.075219341,-0.99716701,0.017928919,-0.99983926,-10.563377
"255",1.1760402,0.26907339,7.3457247,17.100725,0.99982452,0.018733027,-0.9999998,0.000625691,-13.542727
"256",0.15984797,-0.083269006,-5.543431,4.9863277,0.9498694,-0.31264696,0.99968021,-0.025287928,-12.993185
"257",0.71843076,-1.1622033,6.2792548,-6.4322934,0.96583933,-0.25914164,0.27710848,-0.96083864,-5.4334939
"258",1.9175802,-0.47784693,-2.1441967,6.3399785,-0.96637391,0.25714096,-0.63787111,0.77014313,3.07033
"259",0.61269596,-0.51058775,6.6522813,-14.395855,0.08297757,-0.99655142,-0.99761336,-0.069047656,5.5842605
"260",0.37468072,2.8055377,-2.0246809,0.16995636,0.96846306,-0.24915718,0.098880538,0.99509931,-5.447114
"261",-0.03642119,-1.5106009,3.1515013,-0.92687478,-0.073287076,-0.99731089,0.030725876,-0.99952785,-13.756133
"262",-0.41088172,0.48114614,-2.1905209,-3.312626,0.24677177,-0.96907363,-0.70638338,-0.70782945,14.188626
"263",3.6175794,0.43830219,2.0903675,-0.0073580292,0.69973503,-0.71440247,-0.81043617,0.58582694,5.6027514
"264",1.5044626,-1.7129131,5.8667815,-17.018476,0.20719413,-0.97829985,-0.08433712,-0.99643728,9.9828838
"265",1.4191791,-0.0048748335,6.0152038,8.0064921,-0.99878469,-0.049286341,0.88566748,-0.46432006,-6.2611753
"266",-0.4336943,0.26567278,-3.268297,2.0178998,-0.10786145,-0.99416594,-0.77654762,-0.63005856,-3.2453973
"267",3.4430937,7.148046,-9.9479522,-5.5940976,0.55683951,-0.8306201,0.93219246,-0.36196301,7.6754478
"268",-0.5004179,2.5126615,-3.6145938,-11.503837,0.60238569,-0.79820516,-0.37151467,-0.92842708,19.772595
"269",-2.231616,-3.7302406,4.9596841,-0.14900556,-0.42912513,-0.90324505,0.37859361,-0.925563,15.232537
"270",-0.097641853,1.0915199,1.8971787,-11.525841,0.43193375,-0.90190533,0.81839102,-0.57466176,7.3706671
"271",-0.45305558,-1.1571145,-1.1065979,4.3556806,-0.50881921,-0.8608734,-0.40253421,-0.91540494,-2.6545016
"272",0.038766922,0.34137604,-5.2960345,-4.9779792,0.29042771,-0.95689694,0.98362634,0.18021994,16.570251
"273",0.036611612,-0.31049722,-3.7496094,-4.1738712,-0.46782321,-0.88382207,-0.9989668,0.045445954,1.3348784
"274",2.3881405,1.7657493,-5.2770211,13.36883,-0.90148138,-0.43281789,-0.67120332,-0.7412733,-5.5172597
"275",-2.564844,0.11281058,-5.3354984,4.8563728,-0.11096709,-0.99382408,-0.052805149,-0.99860483,5.030839
"276",3.7747416,6.0596902,-9.5342002,-1.0593546,0.8842793,-0.46695836,0.97473666,-0.22335723,11.347119
"277",0.84835875,-0.64704441,2.2699005,-6.2286962,0.82312062,0.56786658,0.38797521,-0.92166981,-9.6704714
"278",0.7224788,-2.779985,6.957785,-8.0722107,-0.44165147,-0.8971867,0.81396608,-0.58091241,-4.5288077
"279",2.076818,2.9217079,4.4861583,-9.9848291,0.83601277,-0.54870999,0.81335765,-0.58176398,-18.17882
"280",0.46343272,2.8178573,-3.2479329,-12.873124,0.88910321,0.45770676,0.9699935,0.24313085,13.035863
"281",1.411753,0.26281555,6.5842547,5.9079696,-0.93333056,-0.3590182,0.99134629,-0.13127275,-17.79645
"282",-0.55677394,-1.049358,-1.6432957,3.3902396,-0.35799217,-0.93372459,-0.74567216,-0.66631301,-2.5647097
"283",-0.013693441,0.010528046,0.021662072,0.0064858322,0.014503021,-0.99989483,-0.0037067647,-0.99999313,-19.367751
"284",0.3978502,-0.71015637,9.0928672,0.638157,-0.8511447,0.52493114,0.11898189,-0.99289642,-9.7535816
"285",-0.3079685,1.5506055,2.0960655,-15.452487,0.52812299,-0.84916789,0.74314312,-0.6691325,-12.500893
"286",0.63260513,-2.5236871,10.03783,-10.054985,0.79227892,-0.61015909,0.62960446,-0.77691584,-2.9808422
"287",0.75974768,-0.54572988,4.4940488,-5.365087,0.99999349,0.0036076394,-0.0070613969,-0.99997507,-6.2322699
"288",0.50689052,-0.23736859,1.9652529,3.0846155,-0.46809328,-0.88367906,0.82630552,-0.56322214,-0.69862912
"289",-0.064342168,-1.3815794,2.7205586,-0.51000497,-0.14008439,-0.99013957,0.039600383,-0.9992156,-8.0942112
"290",2.0174716,0.14273229,-4.7876014,8.3902238,-0.73368045,-0.67949467,0.97094548,-0.23930079,-1.8081889
"291",0.20481078,2.225476,-3.9187372,-7.1024828,0.65082439,-0.7592283,0.13537954,0.99079381,-3.284919
"292",-0.045828285,-1.4384214,1.3392626,9.2051267,-0.65767923,-0.7532981,0.36546904,-0.9308235,9.4075256
"293",0.094437761,-1.0255182,3.0177333,-1.1764395,-0.061387284,-0.99811402,0.28741098,-0.95780736,-9.9859126
"294",-0.10538013,-0.65478342,-0.44624417,5.7752122,-0.22127869,-0.97521061,-0.99995289,0.0097067549,-1.3600986
"295",-0.084209951,2.5660286,-4.1064653,-8.3784834,0.64318551,-0.76571039,0.65884763,0.75227642,19.669913
"296",0.24586338,-0.43887746,-1.0731023,7.0072441,-0.84316155,-0.5376603,0.89366412,-0.4487365,2.3770299
"297",-0.18576071,-2.0784968,3.141103,0.95473414,-0.36019691,-0.9328763,0.023270194,-0.99972921,-3.0859631
"298",0.50671174,2.4837365,-1.0115191,-0.16425467,0.98453278,-0.17520048,0.099976123,0.99498984,-5.3832494
"299",0.19299468,-0.36914118,4.9133003,1.0847817,-0.68622927,-0.72738531,-0.81210223,-0.58351519,-1.760559
"300",-0.34467344,-0.85511788,-0.36123882,2.2093934,-0.44242245,-0.89680677,-0.017751015,-0.99984244,-2.5731578
"301",3.0495651,8.3924666,-8.8500557,-13.949523,0.09778382,-0.99520768,0.66885935,-0.74338898,-6.6083048
"302",0.6763204,-5.8230268,18.270714,-10.379991,-0.32743215,-0.94487469,-0.89676531,-0.44250647,-2.8200589
"303",0.13195245,-1.7562551,6.2915459,11.787282,0.92833484,0.37174511,-0.8520249,0.52350126,5.4566073
"304",0.13908776,1.0629351,2.2568118,-10.941916,0.47820306,-0.8782493,0.93590633,-0.35224899,-10.736521
"305",1.5117177,-0.33229035,-2.5575624,0.73420736,0.88534351,-0.46493749,0.85667092,0.51586328,1.0111493
"306",-2.5909621,0.85451933,-5.5941074,2.6104167,-0.38436654,-0.92318057,0.14870002,-0.98888235,-16.638006
"307",-0.15958362,2.8605285,-1.0095641,-12.962781,0.59481819,-0.80386026,0.15402191,-0.98806743,8.4389214
"308",0.059513169,2.2196142,1.3200638,-12.43008,0.56692336,-0.82377054,0.57383069,-0.81897396,-7.5127571
"309",-0.79674352,0.75917075,-0.27699508,-9.0431495,-0.68547679,0.72809448,-0.86740743,-0.49759858,-7.3753667
"310",0.46417942,-0.80682214,6.1274431,-2.7193542,0.94851669,-0.31672714,-0.050636082,0.99871717,6.4100108
"311",0.53307537,-0.73389865,5.3964893,-7.5036856,0.97503155,0.22206638,0.43367182,0.90107089,10.498563
"312",0.25079239,0.90642529,-10.333371,15.40459,-0.31830592,-0.94798805,-0.21579742,-0.97643816,-19.809889
"313",-3.2225363,-2.4128928,3.1141956,-2.2262936,-0.28162422,-0.95952478,0.31022047,-0.95066464,-2.7290857
"314",-0.089785249,-1.7375091,3.2495019,-0.34075796,-0.20467364,-0.97883027,0.03607769,-0.99934899,-8.7906346
"315",0.10846194,1.5889482,-2.8760012,-8.8539631,0.50802523,-0.86134219,0.51121653,0.85945195,13.089192
